Subset,No experience,Little experience,Some experience,Significant experience
All respondents,7.518796992,6.015037594,18.79699248,67.66917293
Small company,0,3.333333333,13.33333333,83.33333333
Medium company,12.19512195,4.87804878,21.95121951,60.97560976
Large company,8.064516129,8.064516129,19.35483871,64.51612903
