Subset,Low contribution,Medium contribution,High contribution
All respondents,34.375,37.5,28.125
QSP modeler,25,42.59259259,32.40740741
Modeler - Non-QSP,48.57142857,28.57142857,22.85714286
Non-modeler,44.89795918,32.65306122,22.44897959
