Subset,LEAST,A2,A3,A4,MOST
All respondents,2.23880597,3.731343284,8.208955224,23.13432836,62.68656716
QSP,0,0,1.515151515,15.15151515,83.33333333
Non-QSP,0,0,6.666666667,33.33333333,60
Non-modeler,7.894736842,13.15789474,21.05263158,28.94736842,28.94736842
