Subset,Low contribution,Medium contribution,High contribution
All respondents,34.375,37.5,28.125
Small company,31.81818182,36.36363636,31.81818182
Medium company,47.16981132,33.96226415,18.86792453
Large company,28.42105263,40,31.57894737
